nomor,no_urut,tahun,file,halaman,ukuran_kb,sha256
105/Pid.Sus/2023/PN Rap,105,2023,no_watermark_zaee29d9df4b2364bb8c313132333432.pdf,23,199.0,1372016b571ca0201ce602afae66531ac0ec9746897195365cb0c1f191ecb959
159/Pid.Sus/2023/PN Rap,159,2023,no_watermark_zaee30e135a87ae6abce313030333532.pdf,28,234.7,653ea4a5cc4ea6ad71fb134ed03df8f6cc1dca941032d9b6a1f3acfa85cd8d01
188/Pid.Sus/2023/PN Rap,188,2023,no_watermark_zaee21ec04d724c088df303931333237.pdf,26,243.7,39ab2af2d2d487574990df45f81d7b6da8ef57034b8558d019fac09257717aff
222/Pid.Sus/2023/PN Rap,222,2023,no_watermark_zaee29d9dd8390848cea313132333339.pdf,28,227.8,97a989bee4d9af5157f5f053656ed0f927d5c62bc4e7ea3b929a4e70d5c587a9
235/Pid.Sus/2023/PN Rap,235,2023,no_watermark_zaee2a048ba4b6008d41313632393130.pdf,33,279.5,0ad0e618e5a53b22ecc26724a9a1458dd746f19be97fe5e5655566c73ca63730
268/Pid.Sus/2023/PN Rap,268,2023,no_watermark_zaee2b567259275a8ecc303834373538.pdf,16,159.5,66c9fcfd380c8cd812b3271802eadc9e67a9df5c99b4faa9fa38f91e6276705d
269/Pid.Sus/2023/PN Rap,269,2023,no_watermark_zaee4e2765763f3eae0c313630393230.pdf,22,194.8,c2bbb1647974c98cd1355623de9b37e1e9a5dc60e9b6844e902fcf53f2737595
307/Pid.Sus/2023/PN Rap,307,2023,no_watermark_zaee37efd03a4e4e8dac303933363032.pdf,20,183.5,0d244c6cf624374cb35fa77d5a85532f70ec440ea144115bfd088eec42aab4d0
308/Pid.Sus/2023/PN Rap,308,2023,no_watermark_zaee30d53f3512429c8d303833383134.pdf,24,202.8,94facddc2bdc4f87962a8b48076d7d5d865518aab3cbf5f9806fe9f739a6debd
310/Pid.Sus/2023/PN Rap,310,2023,no_watermark_zaee37f2cdecb85484e5303935373237.pdf,31,257.5,2e979a1b57c545427243746583e468750bd35e6f76a090797b42081cb2110a5d
311/Pid.Sus/2023/PN Rap,311,2023,no_watermark_zaee2b566a799e20a6f8303834373434.pdf,23,218.6,c39a7adb5bbc2dba864165e19e7d60034ecc13f0bbcae96ef767f0920cd55857
313/Pid.Sus/2023/PN Rap,313,2023,no_watermark_zaee3a57ff91f25ab2f4313035393432.pdf,19,177.9,ddd513ec16cbe08f01fbd1aad4051efd4ce6b57538a3be8410f1c06356444080
320/Pid.Sus/2023/PN Rap,320,2023,no_watermark_zaee4e273622858abe42313630383031.pdf,24,202.6,fdb888aaf5598bab0fdf8e1f4a3848138aebfe73c2e2ef8ae80d6c58f715c2b0
324/Pid.Sus/2023/PN Rap,324,2023,no_watermark_zaee4ad97cddca6c81be313131343035.pdf,26,221.9,366b93050937d848c4e110b22a965668ec5afd3d1698d7c2306a479a683ac875
325/Pid.Sus/2023/PN Rap,325,2023,no_watermark_zaee4ad201d579de9c65313032303332.pdf,26,239.4,eaf85ffa015f2aa26b0486d8534341f24ff5fdddbaa1157c0e0f54488b4c9b38
326/Pid.Sus/2023/PN Rap,326,2023,no_watermark_zaee4ada313b157884c1313131393038.pdf,24,204.2,5598251ef5c46e88d49f24707f2656caead23f669c3834d48aee35a21f3ac198
327/Pid.Sus/2023/PN Rap,327,2023,no_watermark_zaee4ac26544a4aaab06303832383437.pdf,23,214.9,2fb3d6198043578c26461295db66d578d291ffac549476b0c11a3ca5bc0cacec
347/Pid.Sus/2023/PN Rap,347,2023,no_watermark_zaee4e272bdb788ea0cc313630373434.pdf,42,324.8,4e724a2df46dcd75e2de10f72058c23a33d9c42a2a00b599a199a08c834fcb48
348/Pid.Sus/2023/PN Rap,348,2023,no_watermark_zaee4ad97f201992b9f2313131343039.pdf,32,255.0,b1ea2881a1163411cab0ed18830723252054cfbe0d0184204db280862ee90b1e
363/Pid.Sus/2023/PN Rap,363,2023,no_watermark_zaee2b55ec6fb0e68f08303834343133.pdf,21,209.3,2eaf76262da0fabf09382d0f71e73f00d8d77b94d660a00cb66a36db0cd5e335
364/Pid.Sus/2023/PN Rap,364,2023,no_watermark_zaee3a74f5d594c4909b313433343131.pdf,29,243.4,640cdc53a0def573ea7b6901b6d0a78b3cb61127f47bfd97b3a6e51f2cbe0356
370/Pid.Sus/2023/PN Rap,370,2023,no_watermark_zaee30d998ec544a99fb303930393232.pdf,24,209.9,354d80872d2986a041d9abd87e30c86903140b3a5f7db673ed06339ad27a1c5e
371/Pid.Sus/2023/PN Rap,371,2023,no_watermark_zaee30d99793e78e857a303930393230.pdf,28,231.3,006e232cdd83142f9fc5fe9f99f9519b7ae865e4348f81e71ce7a8358d1ab68b
372/Pid.Sus/2023/PN Rap,372,2023,no_watermark_zaee3b1569ff146a9b87303934323435.pdf,28,225.8,840868d56b5e888a78e91a0d3131ca86440180628c318004751a7d45fd57cd9b
387/Pid.Sus/2023/PN Rap,387,2023,no_watermark_zaee35b74e1cfba88307313334363330.pdf,19,179.8,c3171b7f747fb60927feb31ace3794c43765f341887530e795e6c1c3a1dc4c2a
388/Pid.Sus/2023/PN Rap,388,2023,no_watermark_zaee4228849663908b1d303934373038.pdf,21,183.0,43538bbc300d990e2a2858067089a9823e9b18d0982abacd5d2d65ac5aad53c8
390/Pid.Sus/2023/PN Rap,390,2023,no_watermark_zaee3bdb06b1d9b2a6a3303931373139.pdf,19,193.9,5234d0841522b4b888c3d0fca5117fea379be15e6ee478cb727d78f4ecc13ed1
391/Pid.Sus/2023/PN Rap,391,2023,no_watermark_zaee35b749d11d868778313334363232.pdf,28,243.5,87e78341ca0f5f7815a42e4667d5aeae2eb965fd5bcc72bb37f72799a855f159
394/Pid.Sus/2023/PN Rap,394,2023,no_watermark_zaee4ad4b0aa4e3882e3313033393435.pdf,22,195.9,9ab4c99136ab711c5a7973d540da5be983894a65c4e6f9389d8febadda6d8d66
406/Pid.Sus/2023/PN Rap,406,2023,no_watermark_zaee30d99a7fc4d6b7be303930393235.pdf,26,221.3,436a311b5b886292c52f4d49734f2b4af28ca82a6aaee1e1c73987b3609aa3f5
407/Pid.Sus/2023/PN Rap,407,2023,no_watermark_zaee30e0d61b00d08df9313030313131.pdf,33,264.5,a5b4847e37c713b6d840c1ede25124099213e2a41e8ffbf0da79fb5dcb579081
409/Pid.Sus/2023/PN Rap,409,2023,no_watermark_zaee3fb92defd30891aa303732353036.pdf,19,174.2,477fef37f713c6fb6ef8a7e4890f4d63ea6dcf62ad5a37a3859bdb410a07ea01
417/Pid.Sus/2023/PN Rap,417,2023,no_watermark_zaee46d3ce17bd489097303832333230.pdf,31,259.0,fde3d31da66c991af2eda6fc68c2279b7db28dfc710c75d6293b92c063d8b5fe
418/Pid.Sus/2023/PN Rap,418,2023,no_watermark_zaee4ad6a13c12f4af0f313035333338.pdf,36,285.2,973236b3393d7690dd01b49be87e31afa5dce836653b8b1794f5a6c88f3bbce5
419/Pid.Sus/2023/PN Rap,419,2023,no_watermark_zaee4ad6a055609880ba313035333336.pdf,36,281.2,04837558518ba6ac7bbd264bff48a226efb0cfa3ea449d69d844a3acdc16079c
424/Pid.Sus/2023/PN Rap,424,2023,no_watermark_zaee30e05f54c89688b1303935373532.pdf,29,242.1,7ed205462b019fc1790c2b9ffb33f77970f104c7c9d67943cc52eea08752e02b
429/Pid.Sus/2023/PN Rap,429,2023,no_watermark_zaee3fb92950b13c8573303732343538.pdf,20,199.9,ddf94824b95b0b6fc3636fb0d658cdfee19339839c1492b43f3f080f64b29b8e
430/Pid.Sus/2023/PN Rap,430,2023,no_watermark_zaee4ac2674ffe02be33303832383531.pdf,22,199.8,c59e32a6e22cf564d07cc7afde766bdc91e53858b3aec4a9fca5dff2b5f8bb76
441/Pid.Sus/2023/PN Rap,441,2023,no_watermark_zaee4e27379e20fe98ae313630383033.pdf,20,200.8,4315e13278408ab7072486822081b2942f8090bbac327a0efe3fd57725ac9dad
445/Pid.Sus/2023/PN Rap,445,2023,no_watermark_zaee4ac2632bb50abc66303832383434.pdf,36,280.3,15788018e01ace7d3c5812f04bb9d62cb141c071890db4891422bdb116349ddc
446/Pid.Sus/2023/PN Rap,446,2023,no_watermark_zaee4e272f3c07fab998313630373439.pdf,19,182.6,25664f7800a68118335777ca957cd9fd7409c33728819bcd3cfec91f795f97f1
452/Pid.Sus/2023/PN Rap,452,2023,no_watermark_zaee4e2734dcb0b090a3313630373539.pdf,27,228.3,fd1f3a81ef76d04877e3f4d304d8f7ca6cc7b2a953f751c610f6467d5c2e3ca8
464/Pid.Sus/2023/PN Rap,464,2023,no_watermark_zaee6d512731201a825c303735363231.pdf,42,315.3,747c095c91b3838aef7460bb4a54df3f6719ea9313cb0385070195037a7e2801
499/Pid.Sus/2023/PN Rap,499,2023,no_watermark_zaee4ac26195f8fe81c9303832383431.pdf,18,173.1,85eadaa06593d9159a8e73fba4a4560618e908fa68d2a25efd8b77e3bf303d2c
509/Pid.Sus/2023/PN Rap,509,2023,no_watermark_zaee6d511d8dada893fd303735363035.pdf,22,201.9,bb46133e45036fcf6a91e5c0446def46075284bc1d238a41addfe84a7fd2f9b0
511/Pid.Sus/2023/PN Rap,511,2023,no_watermark_zaee6d51230aebe2882b303735363134.pdf,18,183.5,4a83c2d3b24c499ffe8b8ad0955f501eaaad7d0d02b6d7c99022ca1868858484
529/Pid.Sus/2023/PN Rap,529,2023,no_watermark_zaee4ac269a58776899d303832383535.pdf,46,375.8,ebc13da36fa527fdd4b6e4ea1eddeb62b199fa9c6b61bfc96d6f5759f8658de4
531/Pid.Sus/2023/PN Rap,531,2023,no_watermark_zaee5c105e26772a9595303835393436.pdf,30,254.1,d4e903db8c14926467b86a72b86fa53394beecb42a332206508e661db9bf19f9
561/Pid.Sus/2023/PN Rap,561,2023,no_watermark_zaee6e5738e00a04925f313531323139.pdf,28,250.5,7c805c10e71c77ab5a7b377d3e42b5235d1165efbf73ce556127971c3a423441
562/Pid.Sus/2023/PN Rap,562,2023,no_watermark_zaee6e573c2c0c9eb0f4313531323234.pdf,26,243.8,366af0421f454933b7230769a9dc40f91d0245e9a5528db87b131f7fcc467ec8
629/Pid.Sus/2023/PN Rap,629,2023,no_watermark_zaee6ee9d29fc3eaac4c303834313433.pdf,20,205.9,f7cba96cf350cac30065ab56608d080a78d65351803e2ea307b93d4b0b096577
