nomor,no_urut,file,halaman,n_kata,n_terdakwa,terdakwa,umur,pekerjaan,penasihat_hukum,pasal,jenis_narkotika,berat_netto_gram,tuntutan_bulan,vonis_bulan,denda_rp,subsider_bulan,bebas_dakwaan_primair,rehabilitasi,hakim_ketua,tgl_musyawarah,tgl_diucapkan
105/Pid.Sus/2023/PN Rap,105,no_watermark_zaee29d9df4b2364bb8c313132333432.pdf,23,6712,1,FAHMI AZHARI SITUMORANG Alias FAHMI,24,Wiraswasta,True,112(1),sabu,1.04,96,48,1000000000.0,3.0,True,False,Hendrik Tarigan,12 Juli 2023,12 Juli 2023
159/Pid.Sus/2023/PN Rap,159,no_watermark_zaee30e135a87ae6abce313030333532.pdf,28,8224,1,MUHAMMAD KHAIRUL ALIAS BARUL,32,Satpam,True,112(1),sabu,0.53,72,66,1000000000.0,3.0,True,False,Hendrik Tarigan,18 Juli 2023,26 Juli 2023
188/Pid.Sus/2023/PN Rap,188,no_watermark_zaee21ec04d724c088df303931333237.pdf,26,8088,1,ASRIL FAUZI NASUTION ALIAS DEDEK,32,Buruh,True,112(1),sabu,0.47,82,60,1000000000.0,3.0,False,False,Hendrik Tarigan,6 Juni 2023,20 Juni 2023
222/Pid.Sus/2023/PN Rap,222,no_watermark_zaee29d9dd8390848cea313132333339.pdf,28,8487,1,DAUD BATUBARA Alias DAUD,29,Mocok-mocok,True,112(1),sabu,0.58,84,60,1000000000.0,6.0,True,False,Hendrik Tarigan,12 Juli 2023,12 Juli 2023
235/Pid.Sus/2023/PN Rap,235,no_watermark_zaee2a048ba4b6008d41313632393130.pdf,33,10274,1,REDO TAMBUNAN ALIAS REDO,37,Tidak Bekerja,True,"112(2), 55(1) KUHP",ekstaksi,24.06,120,80,1000000000.0,3.0,False,False,Hendrik Tarigan,12 Juli 2023,18 Juli 2023
268/Pid.Sus/2023/PN Rap,268,no_watermark_zaee2b567259275a8ecc303834373538.pdf,16,4601,1,DWI ANSARI WIBISONO Alias DWI Alias BIBI,30,Belum / Tidak Bekerja,True,112(1),sabu,0.33,78,54,1000000000.0,3.0,False,False,Vini Dian Afrilia P.,12 Juli 2023,12 Juli 2023
269/Pid.Sus/2023/PN Rap,269,no_watermark_zaee4e2765763f3eae0c313630393230.pdf,22,6392,1,PARINGOTAN SAGALA Alias ABDULLAH Alias ABDUL,37,Wiraswasta,True,114(1),sabu,1.9,92,84,1000000000.0,3.0,False,False,Hendrik Tarigan,15 Agustus 2023,29 Agustus 2023
307/Pid.Sus/2023/PN Rap,307,no_watermark_zaee37efd03a4e4e8dac303933363032.pdf,20,6309,1,ANDIKA OKPRI NASUTION Alias DIKA,28,Belum Bekerja,True,114(2),sabu,27.21,96,84,1000000000.0,3.0,False,False,Tommy Manik,25 Juli 2023,27 Juli 2023
308/Pid.Sus/2023/PN Rap,308,no_watermark_zaee30d53f3512429c8d303833383134.pdf,24,7346,1,HASAN BASRI Alias ANGGA,43,Petani,True,112(1),sabu,3.46,72,48,800000000.0,1.0,True,False,Tommy Manik,26 Juli 2023,1 Agustus 2023
310/Pid.Sus/2023/PN Rap,310,no_watermark_zaee37f2cdecb85484e5303935373237.pdf,31,9548,1,MARIONO Alias OTONG,41,Wiraswasta,True,"114(2), 111(1)","sabu, ganja",154.68,180,144,1000000000.0,3.0,False,False,Tommy Manik,25 Juli 2023,3 Agustus 2023
311/Pid.Sus/2023/PN Rap,311,no_watermark_zaee2b566a799e20a6f8303834373434.pdf,23,6788,1,BENY KURNIAWAN alias BENY,35,Petani,True,112(1),sabu,0.25,60,24,1000000000.0,1.0,True,False,Welly Irdianto,18 Juli 2023,25 Juli 2023
313/Pid.Sus/2023/PN Rap,313,no_watermark_zaee3a57ff91f25ab2f4313035393432.pdf,19,5554,1,SUHERI IRAWAN ALIAS HERI,20,Wiraswasta,True,114(1),sabu,1.71,78,60,1000000000.0,3.0,False,False,Welly Irdianto,25 Juli 2023,3 Agustus 2023
320/Pid.Sus/2023/PN Rap,320,no_watermark_zaee4e273622858abe42313630383031.pdf,24,7091,1,RAHMAD TIO RITONGA Alias TIO,31,Belum / Tidak Bekerja,True,112(1),sabu,0.06,90,72,1000000000.0,6.0,True,False,Hendrik Tarigan,24 Agustus 2023,24 Agustus 2023
324/Pid.Sus/2023/PN Rap,324,no_watermark_zaee4ad97cddca6c81be313131343035.pdf,26,8117,1,KURNIAWAN NST ALIAS IWAN,44,Wiraswasta,False,114(1),sabu,1.13,90,78,1000000000.0,6.0,False,False,Hendrik Tarigan,15 Agustus 2023,24 Agustus 2023
325/Pid.Sus/2023/PN Rap,325,no_watermark_zaee4ad201d579de9c65313032303332.pdf,26,8390,2,NURMA WINTA GEA ALIAS WINTA GEA,46,Wiraswasta,True,127(1)a,sabu,0.48,108,18,,,False,False,Hendrik Tarigan,29 Agustus 2023,31 Agustus 2023
326/Pid.Sus/2023/PN Rap,326,no_watermark_zaee4ada313b157884c1313131393038.pdf,24,7028,1,MISMAN Alias CUPLEK,42,Wiraswasta,True,112(1),sabu,0.41,102,84,1000000000.0,3.0,True,False,Hendrik Tarigan,22 Agustus 2023,22 Agustus 2023
327/Pid.Sus/2023/PN Rap,327,no_watermark_zaee4ac26544a4aaab06303832383437.pdf,23,6982,1,DOLI SYAHPUTRA PASARIBU ALIAS DOLI,25,Belum Bekerja,True,112(1),sabu,1.56,108,72,1000000000.0,3.0,True,False,Hendrik Tarigan,24 Agustus 2023,31 Agustus 2023
347/Pid.Sus/2023/PN Rap,347,no_watermark_zaee4e272bdb788ea0cc313630373434.pdf,42,13277,3,MUHAMMAD RIDWAN SIPAHUTAR ALIAS UCOK BATAK,36,Buruh,True,"127(1)a, 55(1) KUHP",sabu,,46,46,,,True,False,Hendrik Tarigan,29 Agustus 2023,5 September 2023
348/Pid.Sus/2023/PN Rap,348,no_watermark_zaee4ad97f201992b9f2313131343039.pdf,32,10210,2,SELAMAT Alias PUNTUNG,46,Mocok-mocok,True,"114(1), 55(1) KUHP",sabu,2.15,102,96,1000000000.0,3.0,False,False,Hendrik Tarigan,24 Agustus 2023,24 Agustus 2023
363/Pid.Sus/2023/PN Rap,363,no_watermark_zaee2b55ec6fb0e68f08303834343133.pdf,21,6288,1,AHMAD DANI,37,Wiraswasta,True,112(1),sabu,0.45,78,60,1000000000.0,6.0,False,False,Muhammad Alqudri,17 Juli 2023,25 Juli 2023
364/Pid.Sus/2023/PN Rap,364,no_watermark_zaee3a74f5d594c4909b313433343131.pdf,29,8638,1,CHAIRUL AMAN SAGALA ALIAS IRUL,50,Wiraswasta,True,112(1),sabu,0.35,84,60,1000000000.0,3.0,True,False,Tommy Manik,7 Agustus 2023,9 Agustus 2023
370/Pid.Sus/2023/PN Rap,370,no_watermark_zaee30d998ec544a99fb303930393232.pdf,24,7187,1,PUKKA SILABAN ALIAS PUKKA,43,Petani/ Pekebun,True,112(1),sabu,1.84,94,60,1000000000.0,6.0,True,False,Muhammad Alqudri,17 Juli 2023,24 Juli 2023
371/Pid.Sus/2023/PN Rap,371,no_watermark_zaee30d99793e78e857a303930393230.pdf,28,8296,1,PAJARUDDIN ALIAS PAJAR,27,Petani/ Pekebun,True,112(1),sabu,1.04,72,48,1000000000.0,3.0,True,False,Muhammad Alqudri,17 Juli 2023,24 Juli 2023
372/Pid.Sus/2023/PN Rap,372,no_watermark_zaee3b1569ff146a9b87303934323435.pdf,28,8542,2,ADRI FAHLEVI HRP ALIAS DEDEK,19,"Belum/tidak bekerja Terdakwa 2 1. Nama lengkap : ALWI HIDAYAT NAINGGOLAN ALIAS ALWI 2. Tempat lahir : Rantauprapat 3. Umur/Tanggal lahir : 22/12 Januari 2001 4. Jenis kelamin : Laki-laki 5. Kebangsaan : Indonesia 6. Tempat tinggal : Jalan Cendana Atas Kelurahan Cendana Kecamatan Rantau Utara Kabupaten Labuhanbatu 7. Agama : Islam 8. Pekerjaan : Belum / Tidak Bekerja Para Terdakwa ditangkap tanggal 17 Maret 2023 sampai dengan tanggal 20 Maret 2023, perpanjangan penangkapan sejak tanggak 20 Maret 2023 sampai dengan tanggal 23 Maret 2023",True,"112(1), 132(1)",sabu,1.17,90,66,1000000000.0,3.0,True,False,Muhammad Alqudri,7 Agustus 2023,14 Agustus 2023
387/Pid.Sus/2023/PN Rap,387,no_watermark_zaee35b74e1cfba88307313334363330.pdf,19,5790,1,TAUFIK HIDAYAT SIREGAR Alias DAYAT,38,Tidak Bekerja,True,112(2),sabu,15.62,84,60,1000000000.0,1.0,False,False,Tommy Manik,25 Juli 2023,1 Agustus 2023
388/Pid.Sus/2023/PN Rap,388,no_watermark_zaee4228849663908b1d303934373038.pdf,21,6330,1,BIMA SUTARI ALIAS SUTAR,28,Wiraswasta,True,114(1),sabu,1.03,84,72,1000000000.0,3.0,False,False,Tommy Manik,8 Agustus 2023,15 Agustus 2023
390/Pid.Sus/2023/PN Rap,390,no_watermark_zaee3bdb06b1d9b2a6a3303931373139.pdf,19,5556,1,FAISAL SIREGAR alias GOBAK,30,Wiraswasta,True,114(1),sabu,1.57,90,78,1000000000.0,3.0,False,False,Tommy Manik,14 Agustus 2023,15 Agustus 2023
391/Pid.Sus/2023/PN Rap,391,no_watermark_zaee35b749d11d868778313334363232.pdf,28,8675,1,IRVAN SYUHADA PANJAITAN Alias IPUNG,33,Wiraswasta,True,"112(2), 132(1)",sabu,34.41,90,60,1000000000.0,1.0,False,False,Tommy Manik,25 Juli 2023,1 Agustus 2023
394/Pid.Sus/2023/PN Rap,394,no_watermark_zaee4ad4b0aa4e3882e3313033393435.pdf,22,6347,1,ANTONI SITANGGANG alias ANTO,31,Buruh,True,114(1),sabu,4.14,108,84,1000000000.0,3.0,False,False,Hendrik Tarigan,15 Agustus 2023,15 Agustus 2023
406/Pid.Sus/2023/PN Rap,406,no_watermark_zaee30d99a7fc4d6b7be303930393235.pdf,26,8151,1,MUHAMMAR SARI SITORUS ALIAS AMAR,39,Wiraswasta,True,127(1)a,sabu,,18,12,,,False,False,Tommy Manik,17 Juli 2023,24 Juli 2023
407/Pid.Sus/2023/PN Rap,407,no_watermark_zaee30e0d61b00d08df9313030313131.pdf,33,10093,1,PERMADI EKO PRABOWO ALIAS KOMBET,31,Wiraswasta,True,112(1),sabu,0.95,66,54,1000000000.0,3.0,False,False,Tommy Manik,24 Juli 2023,31 Juli 2023
409/Pid.Sus/2023/PN Rap,409,no_watermark_zaee3fb92defd30891aa303732353036.pdf,19,5497,1,ANDRE RAMADANI ALIAS ANDRE,22,Wiraswasta,True,112(1),sabu,1.07,87,66,1000000000.0,3.0,False,False,Welly Irdianto,9 Agustus 2023,16 Agustus 2023
417/Pid.Sus/2023/PN Rap,417,no_watermark_zaee46d3ce17bd489097303832333230.pdf,31,9656,1,SANGKOT PASARIBU ALIAS SANGKOT,37,Wiraswasta,True,112(1),sabu,0.73,88,60,1000000000.0,3.0,True,False,Hendrik Tarigan,14 Agustus 2023,24 Agustus 2023
418/Pid.Sus/2023/PN Rap,418,no_watermark_zaee4ad6a13c12f4af0f313035333338.pdf,36,11203,1,EKO SETIADI ALIAS EKO,28,Wiraswasta,True,112(1),sabu,0.73,96,60,1000000000.0,3.0,True,False,Hendrik Tarigan,15 Agustus 2023,24 Agustus 2023
419/Pid.Sus/2023/PN Rap,419,no_watermark_zaee4ad6a055609880ba313035333336.pdf,36,10876,1,HERY PRASETYO ALIAS HERI,33,Wiraswasta,True,112(1),sabu,0.73,96,60,1000000000.0,3.0,True,False,Hendrik Tarigan,5 Agustus 2023,24 Agustus 2023
424/Pid.Sus/2023/PN Rap,424,no_watermark_zaee30e05f54c89688b1303935373532.pdf,29,9122,1,SOPIAN SARUMPAET ALIAS PIAN ALIAS PAK PI,45,Petani/pekebun,True,112(1),sabu,2.69,78,52,1000000000.0,2.0,False,False,Tommy Manik,25 Juli 2023,31 Juli 2023
429/Pid.Sus/2023/PN Rap,429,no_watermark_zaee3fb92950b13c8573303732343538.pdf,20,6214,1,FADLY,36,Wiraswasta,True,114(1),sabu,1.45,108,84,1000000000.0,3.0,False,False,Welly Irdianto,14 Agustus 2023,16 Agustus 2023
430/Pid.Sus/2023/PN Rap,430,no_watermark_zaee4ac2674ffe02be33303832383531.pdf,22,6663,1,DANDI FRATAMA ALIAS DANDI,22,Belum / Tidak Bekerja,False,114(1),sabu,0.43,84,72,1000000000.0,3.0,False,False,Hendrik Tarigan,29 Agustus 2023,31 Agustus 2023
441/Pid.Sus/2023/PN Rap,441,no_watermark_zaee4e27379e20fe98ae313630383033.pdf,20,5888,1,NORA UMBARA ALIAS NORA,31,Mocok-mocok,True,114(1),sabu,0.1,72,60,1000000000.0,3.0,False,False,Welly Irdianto,22 Agustus 2023,29 Agustus 2023
445/Pid.Sus/2023/PN Rap,445,no_watermark_zaee4ac2632bb50abc66303832383434.pdf,36,11678,1,KAMAL ARIZONA LUBIS ALIAS KAMAL,52,Petani/Pekebun,True,114(1),sabu,2.74,108,96,1000000000.0,6.0,False,False,Welly Irdianto,16 Agustus 2023,31 Agustus 2023
446/Pid.Sus/2023/PN Rap,446,no_watermark_zaee4e272f3c07fab998313630373439.pdf,19,5763,1,ADE RHAMADANI RAMBE ALIAS ADE,29,Wiraswasta,True,114(1),sabu,4.67,114,96,1000000000.0,6.0,False,False,Welly Irdianto,23 Agustus 2023,31 Agustus 2023
452/Pid.Sus/2023/PN Rap,452,no_watermark_zaee4e2734dcb0b090a3313630373539.pdf,27,8502,1,MUHAMMAD RIZKI HARAHAP ALIAS RISKI,25,Belum/tidak bekerja,True,112(1),sabu,1.02,90,66,1000000000.0,6.0,True,False,Welly Irdianto,23 Agustus 2023,31 Agustus 2023
464/Pid.Sus/2023/PN Rap,464,no_watermark_zaee6d512731201a825c303735363231.pdf,42,13355,2,SUPRAYITNO ALIAS YITNO ALIAS ENOY,34,Buruh,True,"112(1), 132(1)",sabu,0.97,96,78,1000000000.0,3.0,True,False,Welly Irdianto,31 Agustus 2023,7 September 2023
499/Pid.Sus/2023/PN Rap,499,no_watermark_zaee4ac26195f8fe81c9303832383431.pdf,18,5745,1,MUHAMMAD NIRWAN NASUTION ALIAS NIRWAN,23,Wiraswasta,True,112(1),sabu,1.68,72,48,1000000000.0,2.0,False,False,Welly Irdianto,23 Agustus 2023,31 Agustus 2023
509/Pid.Sus/2023/PN Rap,509,no_watermark_zaee6d511d8dada893fd303735363035.pdf,22,6536,1,GUNAWAN alias GUN,40,Wiraswasta,True,114(2),sabu,7.86,84,72,1000000000.0,2.0,False,False,Welly Irdianto,5 September 2023,12 September 2023
511/Pid.Sus/2023/PN Rap,511,no_watermark_zaee6d51230aebe2882b303735363134.pdf,18,5336,1,SURYA ABDI SIREGAR alias SURYA,25,Wiraswasta,True,114(1),sabu,1.25,84,66,1000000000.0,3.0,False,False,Welly Irdianto,5 September 2023,12 September 2023
529/Pid.Sus/2023/PN Rap,529,no_watermark_zaee4ac269a58776899d303832383535.pdf,46,15824,2,RIO MANDAU ALIAS RIO,27,Belum/tidak bekerja,True,"112(1), 55(1) KUHP, 127(1)a",sabu,0.15,72,48,1000000000.0,1.0,True,False,Tommy Manik,23 Agustus 2023,30 Agustus 2023
531/Pid.Sus/2023/PN Rap,531,no_watermark_zaee5c105e26772a9595303835393436.pdf,30,9931,1,HENRICO HASUDUNGAN TUMANGGOR ALIAS EKO,36,Karyawan Perkebunan PT.SMA,True,114(2),sabu,7.51,126,96,1000000000.0,6.0,False,False,Muhammad Alqudri,20 September 2023,25 September 2023
561/Pid.Sus/2023/PN Rap,561,no_watermark_zaee6e5738e00a04925f313531323139.pdf,28,8009,1,ISKANDAR ALIAS KANDAR,33,Wiraswasta,True,114(1),sabu,0.36,78,66,1000000000.0,3.0,False,False,Tommy Manik,11 Oktober 2023,18 Oktober 2023
562/Pid.Sus/2023/PN Rap,562,no_watermark_zaee6e573c2c0c9eb0f4313531323234.pdf,26,7590,1,SHOLAHUDDIN SIREGAR ALIAS SOLAH,24,Wiraswasta,True,114(1),sabu,0.36,78,66,1000000000.0,3.0,False,False,Tommy Manik,11 Oktober 2023,18 Oktober 2023
629/Pid.Sus/2023/PN Rap,629,no_watermark_zaee6ee9d29fc3eaac4c303834313433.pdf,20,6008,1,MANGIHUT NAIBAHO ALIAS PAK CIK,51,Wiraswasta,True,114(1),sabu,0.79,84,72,1000000000.0,6.0,False,False,Hendrik Tarigan,10 Oktober 2023,19 Oktober 2023
